--
-- Copyright 2024 ÚHÚL
--
-- Licensed under the EUPL, Version 1.2 or – as soon they will be approved by the European Commission - subsequent versions of the EUPL (the 'Licence');
-- You may not use this work except in compliance with the Licence.
-- You may obtain a copy of the Licence at:
--
-- https://joinup.ec.europa.eu/software/page/eupl
--
-- Unless required by applicable law or agreed to in writing, software distributed under the Licence is distributed on an 'AS IS' basis,
-- WITHOUT WARRANTIES OR CONDITIONS OF ANY KIND, either express or implied.
-- See the Licence for the specific language governing permissions and limitations under the Licence.
--

-- classification rules
INSERT INTO analytical.c_area_domain (id, label, description, label_en, description_en)
VALUES
	(37100,	'1. úroveň evropského lesního typu', '1. úroveň evropského lesního typu.', 
		'L1 forest type', 'European forest type, the first (the highest) hierarchical level.'),
	(37200, '2. úroveň evropského lesního typu', '2. úroveň evropského lesního typu.',
		'L2 forest type', 'European forest type, the second (lower) hierarchical level.')
;


INSERT INTO analytical.c_area_domain_category (id, label, description, label_en, description_en, area_domain)
VALUES
(37101, 'boreální', '1. Boreální les.', 'boreal', '1. Boreal forest.', 37100),
(37102, 'hemiboreální, nemorální jehličnaté a smíšené', '2. Hemiboreální les, nemorální jehličnatý a smíšený jehličnato-listnatý les.', 
	'hemiboreal, nemoral coniferous and mixed broadleaved-coniferous', '2. Hemiboreal forest and nemoral coniferous and mixed broadleaved-coniferous forest.', 37100),
(37103, 'Alpský jehličnatý', '3. Alpský jehličnatý les', 'Alpine coniferous', '3. Alpine coniferous forest.', 37100),
(37104, 'acidofilní dubový a dubo-březový', '4. Acidofilní dubový a dubo-březový les.', 'acidophilous oak and oak-birch', '4. Acidophilous oak and oak-birch forest.', 37100),
(37105, 'mezofytický opadavý', '5. Mezofytický opadavý les.', 'mesophytic deciduous', '5. Mesophytic deciduous forest.', 37100),
(37106, 'bukový', '6. Bukový les.', 'beech', '6. Beech forest.', 37100),
(37107, 'horský bukový', '7. Horský bukový les.', 'mountainous beech', '7. Mountainous beech forest.', 37100),
(37108, 'teplomilný opadavý', '8. Teplomilný opadavý les.', 'thermophilous deciduous', '8. Thermophilous deciduous forest.', 37100),
(37109, 'listnatý vždyzelený', '9. Listnatý vždyzelený les.', 'broadleaved evergreen', '9. Broadleaved evergreen forest.', 37100),
(37110, 'jehličnatý středozemní, Anatolský nebo Marocký', '10. Jehličnatý les ve středozemní, Anatolské a Marocké oblasti.','coniferous Mediterranean, Anatolian and Macaronesian', '10. Coniferous forest of the Mediterranean, Anatolian and Macaronesian regions.', 37100),
(37111, 'bahenní a bažinný les', '11. Bahenní a bažinný les.', 'mire and swamp forest', '11. Mire and swamp forests.', 37100),
(37112, 'lužní les', '12. Lužní les.', 'floodplain forest', '12. Floodplain forest.', 37100),
(37113, 'nelužní olšina, březový nebo osikový les', '13. Nelužní olšina, březový nebo osikový les.', 'non riverine alder, birch, or aspen forest', '13. Non riverine alder, birch, or aspen forest.', 37100),
(37114, 'plantáže a porosty samozmlazujících exotických dřevin', '14. Plantáže a porosty samozlazujících exotických dřevin.', 'plantations and self-sown exotic forest', '14. Plantations and self-sown exotic forest.', 37100),

(37201, 'boreální les s dominancí smrku', '1.1 Boreální les s dominancí smrku.', 'spruce-dominated boreal', '1.1 Spruce-dominated boreal forest.', 37200),
(37202, 'boreální les s dominancí borovice', '1.2 Boreální les s dominancí borovice.', 'pine-dominated boreal', '1.2 Pine-dominated boreal forest.', 37200),
(37203, 'hemiboreální les', '2.1 Hemiboreální les.', 'hemiboreal', '2.1 Hemiboreal forest.', 37200),
(37204, 'nemorální les borovice lesní', '2.2 Nemorální les borovice lesní.', 'nemoral Scots pine', '2.2 Nemoral Scots pine forest.', 37200),
(37205, 'nemorální les smrku ztepilého', '2.3 Nemorální les smrku ztepilého.', 'nemoral spruce', '2.3 Nemoral spruce forest.', 37200),
(37206, 'nemorální les borovice černé', '2.4 Nemorální les borovice černé.', 'nemoral Black pine', '2.4 Nemoral Black pine forest.', 37200),
(37207, 'smíšený les borovice lesní a břízy', '2.5 Smíšený les borovice lesní a břízy', 'mixed Scots pine-birch', '2.5 Mixed Scots pine-birch forest.', 37200),
(37208, 'smíšený les borovice lesní a dubu letního', '2.6 Smíšený les borovice lesní a dubu letního.', 'mixed Scots pine-pedunculate oak', '2.6 Mixed Scots pine-pedunculate oak forest.', 37200),
(37209, 'subalpinský les modřínu opadavého, borovice limby nebo kleče', '3.1 Subalpinský les modřínu opadavého, borovice limby nebo borovice kleče.', 'subalpine larch-arolla pine and dwarf pine', '3.1 Subalpine larch-arolla pine and dwarf pine forest.', 37200),
(37210, 'subalpinský a horský les smrku ztepilého a horský smíšený smrko-jedlový les', '3.2 Subalpinský a horský les smrku ztepilého a horský smíšený smrko-jedlový les.', 'subalpine and mountainous spruce and mountainous mixed spruce-silver fir', '3.2 Subalpine and mountainous spruce and mountainous mixed spruce-silver fir forest.', 37200),
(37211, 'Alpský les borovice lesní a černé', '3.3 Alpský les borovice lesní a les borovice černé.', 'Alpine Scots pine and Black pine', '3.3 Alpine Scots pine and Black pine forest.', 37200),
(37212, 'acidofilní doubrava', '4.1 Acidofilní doubrava.', 'acidophylous oakwood', '4.1 Acidophylous oakwood.', 37200),
(37213, 'březová doubrava', '4.2 Březová doubrava.', 'oak-birch forest', '4.2 Oak-birch forest.', 37200),
(37214, 'habrová doubrava dubu letního', '5.1 Habrová doubrava dubu letního.', 'pedunculate oak-hornbeam', '5.1 Pedunculate oak-hornbeam forest.', 37200),
(37215, 'habrová doubrava dubu zimního', '5.2 Habrová doubrava dubu zimního.', 'sessile oak-hornbeam', '5.2 Sessile oak-hornbeam forest.', 37200),
(37216, 'jasanový les, jasanové doubravy', '5.3 Jasanový les, jasanové doubravy.', 'ashwood and oak-ash', '5.3 Ashwood and oak-ash forest.', 37200),
(37217, 'javorová doubrava', '5.4 Javorová doubrava.', 'maple-oak', '5.4 Maple-oak forest.', 37200),
(37218, 'lípová doubrava', '5.5 Lípová doubrava.', 'lime-oak', '5.5 Lime-oak forest.', 37200),
(37219, 'lípová javořina', '5.6 Lípová javořina.', 'maple-lime', '5.6 Maple-lime forest.', 37200),
(37220, 'lípový les', '5.7 Lípový les.', 'lime', '5.7 Lime forest.', 37200),
(37221, 'roklinový a svahový les', '5.8 Roklinový a svahový les.', 'ravine and slope', '5.8 Ravine and slope forest.', 37200),
(37222, 'ostatní mezofytický opadavý les', '5.9 Ostatní mezofytický opadavý les.', 'other mesophytic deciduous', '5.9 Other mesophytic deciduous forests.', 37200),
(37223, 'nížinný bukový les jižní Skandinávie a severní střední Evropy', '6.1 Nížinný bukový les jižní Skandinávie a severní střední Evropy', 'lowland beech of southern Scandinavia and north central Europe', '6.1 Lowland beech forest of southern Scandinavia and north central Europe.', 37200),
(37224, 'Atlantský a subatlantský nižinný bukový les', '6.2 Atlantský a subatlantský nížinný bukový les.', 'Atlantic and subatlantic lowland beech', '6.2 Atlantic and subatlantic lowland beech forest.', 37200),
(37225, 'subatlantský submontánní bukový les', '6.3 Subatlantský submontánní bukový les.', 'subatlantic submountainous beech', '6.3 Subatlantic submountainous beech forest.', 37200),
(37226, 'středoevropský submontánní bukový les', '6.4 Středoevropský submontánní bukový les', 'central European submountainous beech', '6.4 Central European submountainous beech forest.', 37200),
(37227, 'karpatský submontánní bukový les', '6.5 Karpatský submontánní bukový les.', 'Carpathian submountainous beech', '6.5 Carpathian submountainous beech forest.', 37200),
(37228, 'ilyrský submontánní bukový les', '6.6 Ilyrský submontání bukový les.', 'Illyrian submountainous beech', '6.6 Illyrian submountainous beech forest.', 37200),
(37229, 'moezijský submontánní bukový les', '6.7 Moezijský submontánní bukový les.', 'Moesian submountainous beech', '6.7 Moesian submountainous beech forest.', 37200),
(37230, 'jihozápadní evropský horský bukový les', '7.1 Jihozápadní evropský horský bukový les.', 'south western European mountainous beech', '7.1 South western European mountainous beech forest (372Cantabrians, Pyrenees, central Massif, south western Alps, 37200).', 37200),
(37231, 'středoevropský horský bukový les', '7.2 Středoevropský horský bukový les.', 'central European mountainous beech', '7.2 Central European mountainous beech forest.', 37200),
(37232, 'apeninsko-korsický horský bukový les', '7.3 Apeninsko-korsický horský bukový les.', 'Apennine-Corsican mountainous beech', '7.3 Apennine-Corsican mountainous beech forest.', 37200),
(37233, 'ilyrský horský les', '7.4 Ilyrský horský bukový les.', 'Illyrian mountainous beech', '7.4 Illyrian mountainous beech forest.', 37200),
(37234, 'karpatský horský bukový les', '7.5 Karpatský horský bukový les.', 'Carpathian mountainous beech', '7.5 Carpathian mountainous beech forest.', 37200),
(37235, 'moezijský horský bukový les', '7.6 Moezijský horský bukový les.', 'Moesian mountainous beech', '7.6 Moesian mountainous beech forest.', 37200),
(37236, 'krymský horský bukový les', '7.7 Krymský horský bukový les.', 'Crimean mountainous beech', '7.7 Crimean mountainous beech forest.', 37200),
(37237, 'les buku východního a habro-bukový les', '7.8 Les buku východního a habro-bukový les.', 'oriental beech and hornbeam-oriental beech', '7.8 Oriental beech and hornbeam-oriental beech forest.', 37200),
(37238, 'šípáková doubrava', '8.1 Šípáková doubrava.', 'downy oak', '8.1 Downy oak forest.', 37200),
(37239, 'doubrava ceru, balkánského dubu nebo dubu zimního', '8.2 Doubrava ceru, balkánského dubu nebo dubu zimního.', 'Turkey oak, Hungarian oak and Sessile oak', '8.2 Turkey oak, Hungarian oak and Sessile oak forest.', 37200),
(37240, 'les dubu pyrenejského', '8.3 Les dubu pyrenejského.', 'Pyrenean oak', '8.3 Pyrenean oak forest.', 37200),
(37241, 'les dubu portugalského nebo alžírského', '8.4 Les dubu portugalského nebo alžírského.', 'Portuguese oak and Mirbeck''s oak Iberian', '8.4 Portuguese oak and Mirbeck''s oak Iberian forest.', 37200),
(37242, 'les dubu trojského', '8.5 Les dubu trojského.', 'Macedonian oak', '8.5 Macedonian oak forest.', 37200),
(37243, 'les dubu taborského', '8.6 Les dubu taborského.', 'Valonia oak', '8.6 Valonia oak forest.', 37200),
(37244, 'ořešákový les', '8.7 Ořešákový les.', 'chestnut forest', '8.7 Chestnut forest.', 37200),
(37245, 'ostatní teplomilný opadavý les', '8.8 Ostatní teplomilný opadavý les.', 'other thermophilous deciduous', '8.8 Other thermophilous deciduous forests.', 37200),
(37246, 'středozemní cesmínová, korková, kermesová nebo olšolistá doubrava', '9.1 Středozemní cesmínová, korková, kermesová nebo olšolistá doubrava.', 'mediterranean evergreen oak, cork oak and holm oak forest Kermes and alder-leaved oak', '9.1 Mediterranean evergreen oak forest Cork oak and holm oak forest Kermes and alder-leaved oak forest.', 37200),
(37247, 'olivovníkovo-rohovníkový les', '9.2 Olivovníkovo-rohovníkový les.', 'olive-carob', '9.2 Olive-carob forest.', 37200),
(37248, 'palmový háj', '9.3 Palmový háj.', 'palm groves', '9.3 Palm groves.', 37200),
(37249, 'makaronézský vavřínový les', '9.4 Makaronézský vavřínový les.', 'Macaronesian laurisilva', '9.4 Macaronesian laurisilva.', 37200),
(37250, 'les ostatních sklerofylních dřevin', '9.5 Les ostatních sklerofylních dřevin.', 'other sclerophlyllous', '9.5 Other sclerophlyllous forests.', 37200),
(37251, 'les templomilných borovic', '10.1 Les templomilných borovic.', 'thermophilous pine', '10.1 Thermophilous pine forest.', 37200),
(37252, 'středozemní a maloasijské bory borovice černé', '10.2 Středozemní a maloasijské bory borovice černé.', 'Mediterranean and Anatolian Black pine', '10.2 Mediterranean and Anatolian Black pine forest.', 37200),
(37253, 'bor kanárské borovice', 'bor kanárské borovice', 'Canarian pine', '10.3 Canarian pine forest.', 37200),
(37254, 'středozemní a maloasijské bory borovice lesní', '10.4 Středozemní a maloasijské bory borovice lesní.', 'Mediterranean and Anatolian Scots pine', '10.4 Mediterranean and Anatolian Scots pine forest.', 37200),
(37255, 'alti-středozemní bory', '10.5 Alti-středozemní bory', 'Alti-Mediterranean pine', '10.5 Alti-Mediterranean pine forest.', 37200),
(37256, 'středozemní a maloasijské jedliny', '10.6 Středozemní a maloasijské jedliny.', 'Mediterranean and Anatolian fir', '10.6 Mediterranean and Anatolian fir forest.', 37200),
(37257, 'jalovcový les', '10.7 Jalovcový les.', 'juniper forest', '10.7 Juniper forest.', 37200),
(37258, 'cypřišový les', '10.8 Cypřišový les.', 'cypress forest', '10.8 Cypress forest.', 37200),
(37259, 'cedrový les', '10.9 Cedrový les.', 'cedar forest', '10.9 Cedar forest.', 37200),
(37260, 'sandarakovníkové porosty', '10.10 Sandarakovníkové porosty.', 'tetraclinis articulata stands', '10.10 Tetraclinis articulata stands.', 37200),
(37261, 'středozemní tisový les', '10.11 Středozemní tisový les.', 'Mediterranean yew', '10.11 Mediterranean yew stands.', 37200),
(37262, 'převážně jehličnatý nebo smíšený bahenní les', '11.1 Převážně jehličnatý nebo smíšený bahenní les.', 'conifer dominated or mixed mire', '11.1 Conifer dominated or mixed mire forest.', 37200),
(37263, 'olšová bažina', '11.2 Olšový bažinný les.', 'alder swamp', '11.2 Alder swamp forest.', 37200),
(37264, 'březová bažina', '11.3 Březový bažinný les.', 'birch swamp', '11.3 Birch swamp forest.', 37200),
(37265, 'bažinný les dubu letního', '11.4 Bažinný les dubu letního.', 'pedunculate oak swamp', '11.4 Pedunculate oak swamp forest.', 37200),
(37266, 'osiková bažina', '11.5 Osiková bažina.', 'aspen swamp', '11.5 Aspen swamp forest.', 37200),
(37267, 'měkký luh', '12.1 Měkký lužní les.', 'riparian forest', '12.1 Riparian forest.', 37200),
(37268, 'tvrdý luh', '12.2 Tvrdý lužní les.', 'fluvial forest', '12.2 Fluvial forest.', 37200),
(37269, 'středozemní a makronézský lužní les', '12.3 Středozemní a makronézský lužní les.', 'Mediterranean and Macaronesian riparian', '12.3 Mediterranean and Macaronesian riparian forest.', 37200),
(37270, 'olšina', '13.1 Olšina.', 'alder forest', '13.1 Alder forest.', 37200),
(37271, 'italský olšový les', '13.2 Italský olšový les.', 'Italian alder forest', '13.2 Italian alder forest.', 37200),
(37272, 'boreální březový les', '13.3 Boreální březový les.', 'boreal birch forest', '13.3 Boreal birch forest.', 37200),
(37273, 'jižní boreální březový les', '13.4 Jižní boreální březový les.', 'southern boreal birch forest', '13.4 Southern boreal birch forest.', 37200),
(37274, 'osikový les', '13.5 Osikový les.', 'aspen forest', '13.5 Aspen forest.', 37200),
(37275, 'plantáž původních dřevin', '14.1 Plantáž původních dřevin.', 'plantations of site-native species', '14.1 Plantations of site-native species.', 37200),
(37276, 'plantáž nepůvodních dřevin a samozmlazující se les exotických dřevin', '14.2 Plantáž nepůvodních dřevin a samozmlazující se les exotických dřevin.', 'plantations of not-site-native species and self-sown exotic forest', '14.2 Plantations of not-site-native species and self-sown exotic forest.', 37200)
;

INSERT INTO analytical.cm_adc2classification_rule (id, ldsity_object, area_domain_category, classification_rule)
VALUES 
(1124,200,37201,'european_forest_type = 1'),
(1125,200,37202,'european_forest_type = 2'),
(1126,200,37203,'european_forest_type = 3'),
(1127,200,37204,'european_forest_type = 4'),
(1128,200,37205,'european_forest_type = 5'),
(1129,200,37206,'european_forest_type = 6'),
(1130,200,37207,'european_forest_type = 7'),
(1131,200,37208,'european_forest_type = 8'),
(1132,200,37209,'european_forest_type = 9'),
(1133,200,37210,'european_forest_type = 10'),
(1134,200,37211,'european_forest_type = 11'),
(1135,200,37212,'european_forest_type = 12'),
(1136,200,37213,'european_forest_type = 13'),
(1137,200,37214,'european_forest_type = 14'),
(1138,200,37215,'european_forest_type = 15'),
(1139,200,37216,'european_forest_type = 16'),
(1140,200,37217,'european_forest_type = 17'),
(1141,200,37218,'european_forest_type = 18'),
(1142,200,37219,'european_forest_type = 19'),
(1143,200,37220,'european_forest_type = 20'),
(1144,200,37221,'european_forest_type = 21'),
(1145,200,37222,'european_forest_type = 22'),
(1146,200,37223,'european_forest_type = 23'),
(1147,200,37224,'european_forest_type = 24'),
(1148,200,37225,'european_forest_type = 25'),
(1149,200,37226,'european_forest_type = 26'),
(1150,200,37227,'european_forest_type = 27'),
(1151,200,37228,'european_forest_type = 28'),
(1152,200,37229,'european_forest_type = 29'),
(1153,200,37230,'european_forest_type = 30'),
(1154,200,37231,'european_forest_type = 31'),
(1155,200,37232,'european_forest_type = 32'),
(1156,200,37233,'european_forest_type = 33'),
(1157,200,37234,'european_forest_type = 34'),
(1158,200,37235,'european_forest_type = 35'),
(1159,200,37236,'european_forest_type = 36'),
(1160,200,37237,'european_forest_type = 37'),
(1161,200,37238,'european_forest_type = 38'),
(1162,200,37239,'european_forest_type = 39'),
(1163,200,37240,'european_forest_type = 40'),
(1164,200,37241,'european_forest_type = 41'),
(1165,200,37242,'european_forest_type = 42'),
(1166,200,37243,'european_forest_type = 43'),
(1167,200,37244,'european_forest_type = 44'),
(1168,200,37245,'european_forest_type = 45'),
(1169,200,37246,'european_forest_type = 46'),
(1170,200,37247,'european_forest_type = 47'),
(1171,200,37248,'european_forest_type = 48'),
(1172,200,37249,'european_forest_type = 49'),
(1173,200,37250,'european_forest_type = 50'),
(1174,200,37251,'european_forest_type = 51'),
(1175,200,37252,'european_forest_type = 52'),
(1176,200,37253,'european_forest_type = 53'),
(1177,200,37254,'european_forest_type = 54'),
(1178,200,37255,'european_forest_type = 55'),
(1179,200,37256,'european_forest_type = 56'),
(1180,200,37257,'european_forest_type = 57'),
(1181,200,37258,'european_forest_type = 58'),
(1182,200,37259,'european_forest_type = 59'),
(1183,200,37260,'european_forest_type = 60'),
(1184,200,37261,'european_forest_type = 61'),
(1185,200,37262,'european_forest_type = 62'),
(1186,200,37263,'european_forest_type = 63'),
(1187,200,37264,'european_forest_type = 64'),
(1188,200,37265,'european_forest_type = 65'),
(1189,200,37266,'european_forest_type = 66'),
(1190,200,37267,'european_forest_type = 67'),
(1191,200,37268,'european_forest_type = 68'),
(1192,200,37269,'european_forest_type = 69'),
(1193,200,37270,'european_forest_type = 70'),
(1194,200,37271,'european_forest_type = 71'),
(1195,200,37272,'european_forest_type = 72'),
(1196,200,37273,'european_forest_type = 73'),
(1197,200,37274,'european_forest_type = 74'),
(1198,200,37275,'european_forest_type = 75'),
(1199,200,37276,'european_forest_type = 76'),

(1200,200,37101,'european_forest_type IN (1,2)'),
(1201,200,37102,'european_forest_type IN (3,4,5,6,7,8)'),
(1202,200,37103,'european_forest_type IN (9,10,11)'),
(1203,200,37104,'european_forest_type IN (12,13)'),
(1204,200,37105,'european_forest_type IN (14,15,16,17,18,19,20,21,22)'),
(1205,200,37106,'european_forest_type IN (23,24,25,26,27,28,29)'),
(1206,200,37107,'european_forest_type IN (30,31,32,33,34,35,36,37)'),
(1207,200,37108,'european_forest_type IN (38,39,40,41,42,43,44,45)'),
(1208,200,37109,'european_forest_type IN (46,47,48,49,50)'),
(1209,200,37110,'european_forest_type IN (51,52,53,54,55,56,57,58,59,60,61)'),
(1210,200,37111,'european_forest_type IN (62,63,64,65,66)'),
(1211,200,37112,'european_forest_type IN (67,68,69)'),
(1212,200,37113,'european_forest_type IN (70,71,72,73,74)'),
(1213,200,37114,'european_forest_type IN (75,76)');
;

INSERT INTO analytical.t_adc_hierarchy (variable_superior, variable, dependent)
VALUES 
(37101,37201,false),
(37101,37202,false),
(37102,37203,false),
(37102,37204,false),
(37102,37205,false),
(37102,37206,false),
(37102,37207,false),
(37102,37208,false),
(37103,37209,false),
(37103,37210,false),
(37103,37211,false),
(37104,37212,false),
(37104,37213,false),
(37105,37214,false),
(37105,37215,false),
(37105,37216,false),
(37105,37217,false),
(37105,37218,false),
(37105,37219,false),
(37105,37220,false),
(37105,37221,false),
(37105,37222,false),
(37106,37223,false),
(37106,37224,false),
(37106,37225,false),
(37106,37226,false),
(37106,37227,false),
(37106,37228,false),
(37106,37229,false),
(37107,37230,false),
(37107,37231,false),
(37107,37232,false),
(37107,37233,false),
(37107,37234,false),
(37107,37235,false),
(37107,37236,false),
(37107,37237,false),
(37108,37238,false),
(37108,37239,false),
(37108,37240,false),
(37108,37241,false),
(37108,37242,false),
(37108,37243,false),
(37108,37244,false),
(37108,37245,false),
(37109,37246,false),
(37109,37247,false),
(37109,37248,false),
(37109,37249,false),
(37109,37250,false),
(37110,37251,false),
(37110,37252,false),
(37110,37253,false),
(37110,37254,false),
(37110,37255,false),
(37110,37256,false),
(37110,37257,false),
(37110,37258,false),
(37110,37259,false),
(37110,37260,false),
(37110,37261,false),
(37111,37262,false),
(37111,37263,false),
(37111,37264,false),
(37111,37265,false),
(37111,37266,false),
(37112,37267,false),
(37112,37268,false),
(37112,37269,false),
(37113,37270,false),
(37113,37271,false),
(37113,37272,false),
(37113,37273,false),
(37113,37274,false),
(37114,37275,false),
(37114,37276,false);

INSERT INTO analytical.t_adc_hierarchy (variable, variable_superior, dependent)
VALUES 
(37201,101,true),
(37202,101,true),
(37203,101,true),
(37204,101,true),
(37205,101,true),
(37206,101,true),
(37207,101,true),
(37208,101,true),
(37209,101,true),
(37210,101,true),
(37211,101,true),
(37212,101,true),
(37213,101,true),
(37214,101,true),
(37215,101,true),
(37216,101,true),
(37217,101,true),
(37218,101,true),
(37219,101,true),
(37220,101,true),
(37221,101,true),
(37222,101,true),
(37223,101,true),
(37224,101,true),
(37225,101,true),
(37226,101,true),
(37227,101,true),
(37228,101,true),
(37229,101,true),
(37230,101,true),
(37231,101,true),
(37232,101,true),
(37233,101,true),
(37234,101,true),
(37235,101,true),
(37236,101,true),
(37237,101,true),
(37238,101,true),
(37239,101,true),
(37240,101,true),
(37241,101,true),
(37242,101,true),
(37243,101,true),
(37244,101,true),
(37245,101,true),
(37246,101,true),
(37247,101,true),
(37248,101,true),
(37249,101,true),
(37250,101,true),
(37251,101,true),
(37252,101,true),
(37253,101,true),
(37254,101,true),
(37255,101,true),
(37256,101,true),
(37257,101,true),
(37258,101,true),
(37259,101,true),
(37260,101,true),
(37261,101,true),
(37262,101,true),
(37263,101,true),
(37264,101,true),
(37265,101,true),
(37266,101,true),
(37267,101,true),
(37268,101,true),
(37269,101,true),
(37270,101,true),
(37271,101,true),
(37272,101,true),
(37273,101,true),
(37274,101,true),
(37275,101,true),
(37276,101,true),
(37201,32701,true),
(37202,32701,true),
(37203,32701,true),
(37204,32701,true),
(37205,32701,true),
(37206,32701,true),
(37207,32701,true),
(37208,32701,true),
(37209,32701,true),
(37210,32701,true),
(37211,32701,true),
(37212,32701,true),
(37213,32701,true),
(37214,32701,true),
(37215,32701,true),
(37216,32701,true),
(37217,32701,true),
(37218,32701,true),
(37219,32701,true),
(37220,32701,true),
(37221,32701,true),
(37222,32701,true),
(37223,32701,true),
(37224,32701,true),
(37225,32701,true),
(37226,32701,true),
(37227,32701,true),
(37228,32701,true),
(37229,32701,true),
(37230,32701,true),
(37231,32701,true),
(37232,32701,true),
(37233,32701,true),
(37234,32701,true),
(37235,32701,true),
(37236,32701,true),
(37237,32701,true),
(37238,32701,true),
(37239,32701,true),
(37240,32701,true),
(37241,32701,true),
(37242,32701,true),
(37243,32701,true),
(37244,32701,true),
(37245,32701,true),
(37246,32701,true),
(37247,32701,true),
(37248,32701,true),
(37249,32701,true),
(37250,32701,true),
(37251,32701,true),
(37252,32701,true),
(37253,32701,true),
(37254,32701,true),
(37255,32701,true),
(37256,32701,true),
(37257,32701,true),
(37258,32701,true),
(37259,32701,true),
(37260,32701,true),
(37261,32701,true),
(37262,32701,true),
(37263,32701,true),
(37264,32701,true),
(37265,32701,true),
(37266,32701,true),
(37267,32701,true),
(37268,32701,true),
(37269,32701,true),
(37270,32701,true),
(37271,32701,true),
(37272,32701,true),
(37273,32701,true),
(37274,32701,true),
(37275,32701,true),
(37276,32701,true),

(37101,101,true),
(37102,101,true),
(37103,101,true),
(37104,101,true),
(37105,101,true),
(37106,101,true),
(37107,101,true),
(37108,101,true),
(37109,101,true),
(37110,101,true),
(37111,101,true),
(37112,101,true),
(37113,101,true),
(37114,101,true),
(37101,32701,true),
(37102,32701,true),
(37103,32701,true),
(37104,32701,true),
(37105,32701,true),
(37106,32701,true),
(37107,32701,true),
(37108,32701,true),
(37109,32701,true),
(37110,32701,true),
(37111,32701,true),
(37112,32701,true),
(37113,32701,true),
(37114,32701,true);
